License,Software
AFL-2.1 or BSD-2-Clause,json-schema@0.2.3
AFL-2.1 or BSD-3-Clause,json-schema@0.4.0
Apache-2.0 or BSD-2-Clause,python-dateutil@2.8.2
Apache-2.0 or MIT,"pause-stream@0.0.11,vis-data@7.1.4,vis-network@9.1.2,vis-timeline@7.7.0"
BSD-2-Clause or BSD-3-Clause or MPL-2.0,"domain_name@0.5.20180417,domain_name@0.5.20190701"
BSD-2-Clause or MIT or Apache-2.0,rc@1.2.8
BSD-2-Clause or MIT,pikaday@1.5.1
BSD-3-Clause or GPL-2.0,"node-forge@0.10.0,node-forge@0.7.5,node-forge@0.7.6,node-forge@0.8.5,node-forge@0.9.0,node-forge@1.3.1"
MIT AND Zlib,"pako@1.0.10,pako@1.0.11,pako@1.0.6,pako@1.0.7,pako@2.0.4"
MIT or Apache-2.0,"atob@2.1.2,btoa@1.2.1,walk@2.3.15"
MIT or CC0-1.0,"type-fest@0.10.0,type-fest@0.11.0,type-fest@0.13.1,type-fest@0.18.1,type-fest@0.20.2,type-fest@0.21.3,type-fest@0.3.1,type-fest@0.5.2,type-fest@0.6.0,type-fest@0.7.1,type-fest@0.8.1,type-fest@2.8.0"
MIT or WTFPL,expand-template@2.0.3
MPL-2.0 or Apache-2.0,dompurify@2.4.0
Unlicense or Apache-2.0,zxing/text-encoding@0.9.0
WTFPL or MIT,"opener@1.5.2,path-is-inside@1.0.2"
0BSD,"tslib@1.14.1,tslib@2.0.3,tslib@2.1.0,tslib@2.2.0,tslib@2.3.0,tslib@2.3.1,tslib@2.4.0"
Apache-2.0,"acorn-node@1.6.2,acorn-node@1.8.2,adal-node@0.1.28,adal-node@0.2.3,addressable@2.8.0,adler-32@1.2.0,adler-32@1.3.1,@ampproject/remapping@2.2.0,@ampproject/toolbox-core@2.8.0,@ampproject/toolbox-optimizer@2.6.0,@ampproject/toolbox-runtime-version@2.8.0,@ampproject/toolbox-script-csp@2.8.0,@ampproject/toolbox-validator-rules@2.8.0,ansi-html@0.0.7,aria-query@3.0.0,aria-query@4.0.2,aria-query@4.2.2,ascli@1.0.1,@aws-crypto/crc32@2.0.0,@aws-crypto/crc32c@2.0.0,@aws-crypto/ie11-detection@2.0.0,@aws-crypto/ie11-detection@2.0.2,@aws-crypto/sha1-browser@2.0.0,@aws-crypto/sha256-browser@2.0.0,@aws-crypto/sha256-js@2.0.0,@aws-crypto/sha256-js@2.0.2,@aws-crypto/supports-web-crypto@2.0.0,@aws-crypto/supports-web-crypto@2.0.2,@aws-crypto/util@2.0.1,@aws-crypto/util@2.0.2,aws-sdk@2.1142.0,aws-sdk@2.1236.0,aws-sdk@2.336.0,aws-sdk@2.426.0,aws-sdk@2.439.0,aws-sdk@2.697.0,@aws-sdk/abort-controller@3.190.0,@aws-sdk/abort-controller@3.78.0,@aws-sdk/chunked-blob-reader@3.55.0,@aws-sdk/chunked-blob-reader-native@3.58.0,@aws-sdk/client-s3@3.99.0,@aws-sdk/client-sns@3.192.0,@aws-sdk/client-sso@3.190.0,@aws-sdk/client-sso@3.99.0,@aws-sdk/client-sts@3.192.0,@aws-sdk/client-sts@3.99.0,@aws-sdk/config-resolver@3.190.0,@aws-sdk/config-resolver@3.80.0,@aws-sdk/credential-provider-env@3.190.0,@aws-sdk/credential-provider-env@3.78.0,@aws-sdk/credential-provider-imds@3.190.0,@aws-sdk/credential-provider-imds@3.81.0,@aws-sdk/credential-provider-ini@3.190.0,@aws-sdk/credential-provider-ini@3.99.0,@aws-sdk/credential-provider-node@3.190.0,@aws-sdk/credential-provider-node@3.99.0,@aws-sdk/credential-provider-process@3.190.0,@aws-sdk/credential-provider-process@3.80.0,@aws-sdk/credential-provider-sso@3.190.0,@aws-sdk/credential-provider-sso@3.99.0,@aws-sdk/credential-provider-web-identity@3.190.0,@aws-sdk/credential-provider-web-identity@3.78.0,@aws-sdk/eventstream-marshaller@3.78.0,@aws-sdk/eventstream-serde-browser@3.78.0,@aws-sdk/eventstream-serde-config-resolver@3.78.0,@aws-sdk/eventstream-serde-node@3.78.0,@aws-sdk/eventstream-serde-universal@3.78.0,@aws-sdk/fetch-http-handler@3.190.0,@aws-sdk/fetch-http-handler@3.78.0,@aws-sdk/hash-blob-browser@3.78.0,@aws-sdk/hash-node@3.190.0,@aws-sdk/hash-node@3.78.0,@aws-sdk/hash-stream-node@3.78.0,@aws-sdk/invalid-dependency@3.190.0,@aws-sdk/invalid-dependency@3.78.0,@aws-sdk/is-array-buffer@3.188.0,@aws-sdk/is-array-buffer@3.55.0,@aws-sdk/md5-js@3.78.0,@aws-sdk/middleware-bucket-endpoint@3.80.0,@aws-sdk/middleware-content-length@3.190.0,@aws-sdk/middleware-content-length@3.78.0,@aws-sdk/middleware-expect-continue@3.78.0,@aws-sdk/middleware-flexible-checksums@3.78.0,@aws-sdk/middleware-header-default@3.78.0,@aws-sdk/middleware-host-header@3.190.0,@aws-sdk/middleware-host-header@3.78.0,@aws-sdk/middleware-location-constraint@3.78.0,@aws-sdk/middleware-logger@3.190.0,@aws-sdk/middleware-logger@3.78.0,@aws-sdk/middleware-recursion-detection@3.190.0,@aws-sdk/middleware-retry@3.190.0,@aws-sdk/middleware-retry@3.80.0,@aws-sdk/middleware-sdk-s3@3.86.0,@aws-sdk/middleware-sdk-sts@3.192.0,@aws-sdk/middleware-sdk-sts@3.78.0,@aws-sdk/middleware-serde@3.190.0,@aws-sdk/middleware-serde@3.78.0,@aws-sdk/middleware-signing@3.192.0,@aws-sdk/middleware-signing@3.78.0,@aws-sdk/middleware-ssec@3.78.0,@aws-sdk/middleware-stack@3.190.0,@aws-sdk/middleware-stack@3.78.0,@aws-sdk/middleware-user-agent@3.190.0,@aws-sdk/middleware-user-agent@3.78.0,@aws-sdk/node-config-provider@3.190.0,@aws-sdk/node-config-provider@3.80.0,@aws-sdk/node-http-handler@3.190.0,@aws-sdk/node-http-handler@3.94.0,@aws-sdk/property-provider@3.190.0,@aws-sdk/property-provider@3.78.0,@aws-sdk/protocol-http@3.190.0,@aws-sdk/protocol-http@3.78.0,@aws-sdk/querystring-builder@3.190.0,@aws-sdk/querystring-builder@3.78.0,@aws-sdk/querystring-parser@3.190.0,@aws-sdk/querystring-parser@3.78.0,@aws-sdk/service-error-classification@3.190.0,@aws-sdk/service-error-classification@3.78.0,@aws-sdk/shared-ini-file-loader@3.190.0,@aws-sdk/shared-ini-file-loader@3.80.0,@aws-sdk/signature-v4@3.190.0,@aws-sdk/signature-v4@3.78.0,@aws-sdk/signature-v4-multi-region@3.88.0,@aws-sdk/smithy-client@3.190.0,@aws-sdk/smithy-client@3.99.0,@aws-sdk/types@3.190.0,@aws-sdk/types@3.78.0,@aws-sdk/url-parser@3.190.0,@aws-sdk/url-parser@3.78.0,@aws-sdk/util-arn-parser@3.55.0,@aws-sdk/util-base64-browser@3.188.0,@aws-sdk/util-base64-browser@3.58.0,@aws-sdk/util-base64-node@3.188.0,@aws-sdk/util-base64-node@3.55.0,@aws-sdk/util-body-length-browser@3.188.0,@aws-sdk/util-body-length-browser@3.55.0,@aws-sdk/util-body-length-node@3.188.0,@aws-sdk/util-body-length-node@3.55.0,@aws-sdk/util-buffer-from@3.188.0,@aws-sdk/util-buffer-from@3.55.0,@aws-sdk/util-config-provider@3.188.0,@aws-sdk/util-config-provider@3.55.0,@aws-sdk/util-defaults-mode-browser@3.190.0,@aws-sdk/util-defaults-mode-browser@3.99.0,@aws-sdk/util-defaults-mode-node@3.190.0,@aws-sdk/util-defaults-mode-node@3.99.0,@aws-sdk/util-hex-encoding@3.188.0,@aws-sdk/util-hex-encoding@3.58.0,@aws-sdk/util-locate-window@3.188.0,@aws-sdk/util-locate-window@3.55.0,@aws-sdk/util-middleware@3.190.0,@aws-sdk/util-middleware@3.78.0,@aws-sdk/util-stream-browser@3.78.0,@aws-sdk/util-stream-node@3.78.0,@aws-sdk/util-uri-escape@3.188.0,@aws-sdk/util-uri-escape@3.55.0,@aws-sdk/util-user-agent-browser@3.190.0,@aws-sdk/util-user-agent-browser@3.78.0,@aws-sdk/util-user-agent-node@3.190.0,@aws-sdk/util-user-agent-node@3.80.0,@aws-sdk/util-utf8-browser@3.188.0,@aws-sdk/util-utf8-browser@3.55.0,@aws-sdk/util-utf8-node@3.188.0,@aws-sdk/util-utf8-node@3.55.0,@aws-sdk/util-waiter@3.78.0,@aws-sdk/xml-builder@3.55.0,aws-sign2@0.6.0,aws-sign2@0.7.0,axios-retry@3.1.1,axios-retry@3.1.9,axios-retry@3.3.1,axobject-query@2.0.2,axobject-query@2.1.2,axobject-query@2.2.0,bcrypt@3.2.0,before-after-hook@1.2.0,before-after-hook@1.4.0,before-after-hook@2.1.0,before-after-hook@2.2.2,before-after-hook@2.2.3,blob-util@2.0.2,boto3@1.20.11,botocore@1.23.11,browser-request@0.3.3,bser@2.0.0,bser@2.1.0,bser@2.1.1,bson@1.1.5,bson@1.1.6,btoa@1.1.2,bytebuffer@5.0.1,caseless@0.12.0,cassandra-driver@4.0.0,cfb@1.2.2,chrome-launcher@0.14.2,cluster-key-slot@1.0.12,cluster-key-slot@1.1.0,@cnakazawa/watch@1.0.3,@cnakazawa/watch@1.0.4,codepage@1.15.0,combokeys@3.0.1,com.fasterxml.jackson.core:jackson-core@2.8.0,com.google.api-client:google-api-client@1.25.0,com.google.apis:google-api-services-cloudsearch@v1-rev18-1.25.0,com.google.enterprise.cloudsearch:google-cloudsearch-connector-sdk@v1-0.0.5,com.google.enterprise.cloudsearch:google-cloudsearch-indexing-connector-sdk@v1-0.0.5,com.google.errorprone:error_prone_annotations@2.0.18,com.google.guava:guava@23.5-jre,com.google.http-client:google-http-client@1.25.0,com.google.http-client:google-http-client-jackson2@1.25.0,com.google.j2objc:j2objc-annotations@1.1,com.google.oauth-client:google-oauth-client@1.25.0,commons-codec:commons-codec@1.10,commons-logging:commons-logging@1.2,crc-32@1.2.2,csp_evaluator@1.1.0,@cypress/request@2.88.10,dash-ast@1.0.0,@datadog/browser-core@2.18.0,@datadog/browser-rum@2.18.0,@datadog/browser-rum-core@2.18.0,DatadogSDK@1.12.0,DatadogSDKCrashReporting@1.12.0,dbt-bigquery@1.0.0,dbt-core@1.0.4,dbt-extractor@0.4.1,denque@1.3.0,denque@1.4.0,denque@1.5.1,denque@2.1.0,detect-libc@1.0.3,detect-libc@2.0.1,diff-cover@6.5.0,doctrine@2.1.0,doctrine@3.0.0,draft-js-code@0.3.0,draft-js-prism@1.0.3,draft-js-prism@1.0.6,ecdsa-sig-formatter@1.0.10,ecdsa-sig-formatter@1.0.11,ejs@2.6.1,ejs@2.7.4,ejs@3.0.1,ejs@3.1.8,elasticsearch@15.2.0,elasticsearch@7.16.0,eslint-visitor-keys@1.0.0,eslint-visitor-keys@1.1.0,eslint-visitor-keys@1.3.0,eslint-visitor-keys@2.0.0,eslint-visitor-keys@2.1.0,exit-on-epipe@1.0.1,fast-diff@1.1.2,fastpriorityqueue@0.7.1,fast-text-encoding@1.0.3,fast-text-encoding@1.0.6,faye@1.4.0,faye-websocket@0.11.3,faye-websocket@0.11.4,fb-watchman@2.0.0,fb-watchman@2.0.1,filelist@1.0.4,find-java-home@0.2.0,find-java-home@1.1.0,find-yarn-workspace-root@1.2.1,firebase-admin@9.12.0,firebase-admin@9.3.0,firebase-admin@9.4.1,@firebase/app-types@0.6.1,@firebase/app-types@0.6.3,@firebase/app-types@0.7.0,@firebase/auth-interop-types@0.1.5,@firebase/auth-interop-types@0.1.6,@firebase/component@0.1.19,@firebase/component@0.5.13,@firebase/database@0.12.8,@firebase/database@0.6.13,@firebase/database-compat@0.1.8,@firebase/database-types@0.5.2,@firebase/database-types@0.7.3,@firebase/database-types@0.9.7,@firebase/logger@0.2.6,@firebase/logger@0.3.2,@firebase/util@0.3.2,@firebase/util@1.5.2,Flipper-Folly@2.6.9,foreachasync@3.0.0,forever-agent@0.6.1,frac@1.1.2,fuse.js@6.6.2,gaxios@1.8.4,gaxios@3.2.0,gaxios@4.3.3,gcp-metadata@4.2.0,gcp-metadata@4.3.1,geoip-country@4.1.27,get-assigned-identifiers@1.2.0,google-api-core@1.31.1,google-api-core@2.0.1,google-api-core@2.10.2,google-api-core@2.7.2,googleapis@61.0.0,googleapis-common@4.4.1,googleapis-common@4.4.3,google-auth@1.34.0,google-auth@2.1.0,google-auth@2.13.0,google-auth@2.6.5,google-auth-library@0.10.0,google-auth-library@0.12.0,google-auth-library@1.6.1,google-auth-library@6.0.0,google-auth-library@6.1.2,google-auth-library@6.1.6,google-auth-library@7.14.1,google-auth-oauthlib@0.4.6,@google-cloud/bigquery@0.11.1,@google-cloud/bigquery@1.3.0,google-cloud-bigquery@2.23.2,google-cloud-bigquery@2.26.0,google-cloud-bigquery@2.34.3,@google-cloud/bigquery@5.12.0,@google-cloud/bigquery@5.3.0,google-cloud-bigquery-datatransfer@3.7.3,google-cloud-bigquery-storage@2.8.0,@google-cloud/common@0.13.6,@google-cloud/common@0.15.2,@google-cloud/common@0.17.0,@google-cloud/common@3.10.0,@google-cloud/common@3.4.1,google-cloud-core@1.7.2,google-cloud-core@2.0.0,google-cloud-core@2.3.0,@google-cloud/datastore@6.2.0,@google-cloud/datastore@6.6.2,@google-cloud/firestore@4.15.1,@google-cloud/paginator@3.0.5,@google-cloud/paginator@3.0.7,@google-cloud/projectify@2.0.1,@google-cloud/projectify@2.1.1,@google-cloud/promisify@2.0.3,@google-cloud/promisify@2.0.4,@google-cloud/storage@1.5.1,@google-cloud/storage@5.1.2,@google-cloud/storage@5.20.5,google-crc32c@1.1.2,google-crc32c@1.3.0,google-gax@2.30.5,google-gax@2.9.1,google-resumable-media@1.3.1,google-resumable-media@2.0.2,google-resumable-media@2.3.2,grpc@1.24.3,@grpc/grpc-js@1.0.5,@grpc/grpc-js@1.1.7,@grpc/grpc-js@1.6.12,@grpc/grpc-js@1.6.7,@grpc/grpc-js@1.7.2,grpcio@1.44.0,grpcio-status@1.44.0,@grpc/proto-loader@0.5.5,@grpc/proto-loader@0.5.6,@grpc/proto-loader@0.6.0-pre9,@grpc/proto-loader@0.6.12,@grpc/proto-loader@0.6.13,@grpc/proto-loader@0.7.3,human-signals@1.1.1,human-signals@2.1.0,@humanwhocodes/config-array@0.5.0,importlib-metadata@4.11.3,importlib-metadata@5.0.0,@internationalized/date@3.0.1,@internationalized/message@3.0.9,@internationalized/number@3.1.1,@internationalized/string@3.0.0,jake@10.8.5,jmespath@0.15.0,jmespath@0.16.0,jsbi@3.1.4,jsbi@3.2.5,jsoneditor@9.9.2,kew@0.7.0,less@2.7.3,less@4.1.3,lighthouse@8.6.0,lighthouse-logger@1.3.0,lighthouse-stack-packs@1.8.2,long@2.4.0,long@3.2.0,long@4.0.0,long@5.2.0,marky@1.2.5,mashumaro@2.9,minimal-snowplow-tracker@0.0.2,mongodb@3.4.1,mongodb-extended-json@1.10.0,mongodb-extended-json@1.11.1,msgpack@1.0.3,msgpack@1.2.4,msgpack@1.4.2,msnodesqlv8@2.0.6,native-url@0.2.6,native-url@0.3.4,newrelic@6.13.2,newrelic@7.5.2,@newrelic/aws-sdk@2.0.0,@newrelic/aws-sdk@3.1.0,@newrelic/koa@4.1.0,@newrelic/koa@5.0.0,@newrelic/native-metrics@6.0.2,@newrelic/superagent@3.0.0,@newrelic/superagent@4.0.0,nuitka@0.6.17.7,oauth-sign@0.8.2,oauth-sign@0.9.0,@opentelemetry/api@1.2.0,@opentelemetry/api-metrics@0.26.0,@opentelemetry/context-zone@1.7.0,@opentelemetry/context-zone-peer-dep@1.7.0,@opentelemetry/core@1.0.0,@opentelemetry/core@1.7.0,@opentelemetry/exporter-otlp-http@0.26.0,@opentelemetry/propagator-b3@1.7.0,@opentelemetry/resources@1.0.0,@opentelemetry/resources@1.7.0,@opentelemetry/sdk-metrics-base@0.26.0,@opentelemetry/sdk-trace-base@1.0.0,@opentelemetry/sdk-trace-base@1.7.0,@opentelemetry/sdk-trace-web@1.7.0,@opentelemetry/semantic-conventions@1.0.0,@opentelemetry/semantic-conventions@1.7.0,opentracing@0.14.4,opentracing@0.14.5,oracledb@5.0.0,org.apache.commons:commons-csv@1.2,org.apache.httpcomponents:httpclient@4.5.5,org.apache.httpcomponents:httpcore@4.4.9,org.scala-lang:scala-library@2.13.1,parsedatetime@2.4,pdfjs-dist@2.1.266,phantomjs-prebuilt@2.1.16,preact-context@1.1.4,printj@1.1.2,proto3-json-serializer@0.1.9,protobufjs@5.0.3,proto-plus@1.19.0,proto-plus@1.20.3,proto-plus@1.22.1,puppeteer@9.1.1,pynacl@1.4.0,react-aria@3.20.0,@react-aria/breadcrumbs@3.3.2,@react-aria/button@3.6.2,@react-aria/calendar@3.0.3,@react-aria/checkbox@3.6.0,@react-aria/combobox@3.4.2,@react-aria/datepicker@3.1.2,@react-aria/dialog@3.4.0,@react-aria/focus@3.9.0,@react-aria/grid@3.5.0,@react-aria/gridlist@3.1.0,@react-aria/i18n@3.6.1,@react-aria/interactions@3.12.0,@react-aria/label@3.4.2,@react-aria/link@3.3.4,@react-aria/listbox@3.7.0,@react-aria/live-announcer@3.1.1,@react-aria/menu@3.6.2,@react-aria/meter@3.3.2,@react-aria/numberfield@3.3.2,@react-aria/overlays@3.11.0,@react-aria/progress@3.3.2,@react-aria/radio@3.4.0,@react-aria/searchfield@3.4.2,@react-aria/select@3.8.2,@react-aria/selection@3.11.0,@react-aria/separator@3.2.4,@react-aria/slider@3.2.2,@react-aria/spinbutton@3.1.4,@react-aria/ssr@3.3.0,@react-aria/switch@3.2.4,@react-aria/table@3.5.0,@react-aria/tabs@3.3.2,@react-aria/textfield@3.7.2,@react-aria/toggle@3.4.0,@react-aria/tooltip@3.3.2,@react-aria/utils@3.14.0,@react-aria/virtualizer@3.5.1,@react-aria/visually-hidden@3.5.0"
Artistic-2.0,text-unidecode@1.3
BSD-2-Clause,"babel@2.9.1,browser-process-hrtime@0.1.3,browser-process-hrtime@1.0.0,byebug@10.0.2,byebug@11.1.3,cls-bluebird@2.1.0,colorama@0.4.4,colorama@0.4.5,com.facebook.react:react-native@+,configstore@3.1.2,configstore@3.1.5,configstore@5.0.1,css-select@1.2.0,css-select@2.0.2,css-select@2.1.0,css-select@4.1.3,css-select@4.3.0,css-what@2.1.0,css-what@2.1.2,css-what@2.1.3,css-what@3.2.1,css-what@3.4.2,css-what@5.1.0,css-what@6.1.0,damerau-levenshtein@1.0.4,damerau-levenshtein@1.0.6,damerau-levenshtein@1.0.7,default-gateway@2.7.2,default-gateway@4.2.0,doctrine@1.5.0,domelementtype@1.1.3,domelementtype@1.2.1,domelementtype@1.3.0,domelementtype@1.3.1,domelementtype@2.0.1,domelementtype@2.2.0,domelementtype@2.3.0,domhandler@2.1.0,domhandler@2.3.0,domhandler@2.4.2,domhandler@3.0.0,domhandler@3.3.0,domhandler@4.3.0,domhandler@4.3.1,domhandler@5.0.3,domutils@1.1.6,domutils@1.5.1,domutils@1.7.0,domutils@2.1.0,domutils@2.8.0,domutils@3.0.1,dotenv@10.0.0,dotenv@2.0.0,dotenv@4.0.0,dotenv@6.0.0,dotenv@7.0.0,dotenv@^8.2.0,dotenv@8.2.0,dotenv@8.6.0,dotenv-expand@4.2.0,dotenv-expand@5.1.0,entities@1.0.0,entities@1.1.1,entities@1.1.2,entities@2.0.0,entities@2.2.0,entities@3.0.1,entities@4.4.0,escodegen@1.11.0,escodegen@1.11.1,escodegen@1.14.1,escodegen@1.14.3,escodegen@2.0.0,escope@3.6.0,eslint-scope@3.7.1,eslint-scope@4.0.0,eslint-scope@4.0.3,eslint-scope@5.0.0,eslint-scope@5.1.1,espree@4.1.0,espree@6.1.2,espree@7.3.1,esprima@1.0.4,esprima@3.1.3,esprima@4.0.1,esrecurse@4.2.1,esrecurse@4.3.0,estraverse@4.2.0,estraverse@4.3.0,estraverse@5.2.0,estraverse@5.3.0,esutils@2.0.2,esutils@2.0.3,express-ws@5.0.2,extract-zip@1.6.6,extract-zip@1.6.7,extract-zip@1.7.0,extract-zip@2.0.1,Flipper-DoubleConversion@3.2.0,geojson-flatten@0.2.4,glob-to-regexp@0.3.0,glob-to-regexp@0.4.1,hdr-histogram-js@1.2.0,hoist-non-react-statics@1.2.0,http-cache-semantics@4.1.0,imgix-core-js@1.2.1,isodate@0.6.1,jinja2-simple-tags@?,kld-affine@2.0.0,kld-polynomial@0.1.1,kld-polynomial@0.1.3,lazy-object-proxy@1.7.1,logbook@1.5.3,@mapbox/geojson-area@0.2.2,@mapbox/hast-util-table-cell-style@0.2.0,@mapbox/tiny-sdf@1.2.5,@mapbox/unitbezier@0.0.0,mississippi@2.0.0,mississippi@3.0.0,nodeenv@1.6.0,node-eta@0.1.1,node-slack@0.0.7,normalize-package-data@2.4.0,normalize-package-data@2.5.0,normalize-package-data@3.0.3,nth-check@1.0.1,nth-check@1.0.2,nth-check@2.0.1,nth-check@2.1.1,numpy@1.21.1,numpy@1.21.2,oauthlib@3.1.1,oauthlib@3.2.2,pandas-gbq@0.15.0,parse-cache-control@1.0.1,progress-stream@2.0.0,prompt-toolkit@1.0.14,pyasn1@0.4.8,pyasn1-modules@0.2.8,pycparser@2.20,pycparser@2.21,pydata-google-auth@1.2.0,pygments@2.10.0,pygments@2.11.2,raven@2.6.4,React@0.64.3,React@0.68.2,regenerator-transform@0.10.1,regjsparser@0.1.5,regjsparser@0.3.0,regjsparser@0.6.0,regjsparser@0.6.3,regjsparser@0.6.7,regjsparser@0.6.9,regjsparser@0.7.0,regjsparser@0.8.4,rexml@3.2.5,scipy@1.7.0,semver@4.3.2,sequelize-fixtures@1.2.0,sharkdown@0.1.1,shimmer@1.2.0,shimmer@1.2.1,slugg@1.2.1,sntp@1.0.9,SocketRocket@0.6.0,stringify-object@3.3.0,svg-intersections@0.4.0,tblib@1.7.0,toarray@0.0.1,tween-functions@1.2.0,@typescript-eslint/parser@2.19.2,@typescript-eslint/parser@4.18.0,@typescript-eslint/parser@4.33.0,@typescript-eslint/typescript-estree@2.19.2,@typescript-eslint/typescript-estree@3.10.1,@typescript-eslint/typescript-estree@4.18.0,@typescript-eslint/typescript-estree@4.33.0,uglify-es@3.3.9,uglify-js@3.4.9,unf@0.1.4,update-notifier@2.5.0,update-notifier@4.1.3,update-notifier@5.1.0,uri-js@4.2.2,uri-js@4.4.0,uri-js@4.4.1,url-template@2.0.8,warning@2.1.0,webidl-conversions@3.0.1,webidl-conversions@4.0.2,webidl-conversions@5.0.0,webidl-conversions@6.1.0,webidl-conversions@7.0.0,wgs84@0.0.0,winreg@1.2.4,wrapt@1.13.3,yarn@1.22.17,@yarnpkg/lockfile@1.1.0,yurnalist@2.1.0"
BSD-3-Clause,"abab@2.0.0,abab@2.0.3,abab@2.0.5,abab@2.0.6,ace-builds@1.12.3,animated@0.2.2,asn1js@3.0.5,babel-plugin-istanbul@4.1.6,babel-plugin-istanbul@5.2.0,babel-plugin-istanbul@6.0.0,bcrypt-pbkdf@1.0.1,bcrypt-pbkdf@1.0.2,boom@2.10.1,boom@4.3.1,boom@5.2.0,boom@7.2.0,boom@7.3.0,buffer-equal-constant-time@1.0.1,charenc@0.0.2,click@8.0.4,click@8.1.2,click@8.1.3,com.google.code.findbugs:jsr305@1.3.9,crypt@0.0.2,cryptiles@2.0.5,cryptiles@3.1.2,cryptiles@4.1.2,cryptiles@4.1.3,csv-parse@1.3.3,csv-stringify@1.1.2,d3@3.5.17,d3@5.16.0,d3@6.7.0,d3-array@1.2.4,d3-array@2.12.1,d3-axis@1.0.12,d3-axis@2.1.0,d3-brush@1.1.6,d3-brush@2.1.0,d3-chord@1.0.6,d3-chord@2.0.0,d3-collection@1.0.7,d3-color@1.2.3,d3-color@1.4.1,d3-color@2.0.0,d3-contour@1.3.2,d3-contour@2.0.0,d3-dispatch@1.0.6,d3-dispatch@2.0.0,d3-drag@1.2.5,d3-drag@2.0.0,d3-dsv@1.2.0,d3-dsv@2.0.0,d3-ease@1.0.7,d3-ease@2.0.0,d3-ease@3.0.1,d3-fetch@1.2.0,d3-fetch@2.0.0,d3-force@1.2.1,d3-force@2.1.1,d3-format@1.3.2,d3-format@1.4.5,d3-format@2.0.0,d3-geo@1.12.1,d3-geo@2.0.2,d3-hierarchy@1.1.9,d3-hierarchy@2.0.0,d3-interpolate@1.3.2,d3-interpolate@1.4.0,d3-interpolate@2.0.1,d3-path@1.0.7,d3-path@1.0.9,d3-path@2.0.0,d3-polygon@1.0.6,d3-polygon@2.0.0,d3-quadtree@1.0.7,d3-quadtree@2.0.0,d3-random@1.1.2,d3-random@2.2.2,d3-scale@1.0.7,d3-scale@2.1.2,d3-scale@2.2.2,d3-scale@3.3.0,d3-scale-chromatic@1.5.0,d3-scale-chromatic@2.0.0,d3-selection@1.4.2,d3-selection@2.0.0,d3-shape@1.2.2,d3-shape@1.3.7,d3-shape@2.1.0,d3-time@1.0.10,d3-time@1.1.0,d3-time@2.1.1,d3-time-format@2.1.3,d3-time-format@2.3.0,d3-time-format@3.0.0,d3-timer@1.0.10,d3-timer@2.0.0,d3-transition@1.3.2,d3-transition@2.0.0,d3-voronoi@1.1.4,d3-zoom@1.8.3,d3-zoom@2.0.0,dataloader@1.4.0,dd-trace@0.26.1,ddtrace@0.49.0,devtools-protocol@0.0.869402,diff@3.5.0,diff@4.0.2,diff@5.0.0,diff@5.1.0,draft-js@0.10.4,draft-js@0.10.5,duplexer2@0.1.4,duplexer3@0.1.4,duplexer3@0.1.5,eslint-plugin-flowtype@2.50.1,eslint-plugin-flowtype@4.6.0,eslint-plugin-flowtype@5.10.0,eslint-plugin-flowtype@5.4.0,esquery@1.0.1,esquery@1.1.0,esquery@1.4.0,exenv@1.2.2,fbjs-css-vars@1.0.1,ffi@1.15.0,ffi@1.15.4,ffi@1.9.25,filesize@3.6.1,filesize@6.0.1,filesize@8.0.7,flask@2.0.2,flat@5.0.2,@hapi/address@2.1.2,@hapi/address@2.1.4,@hapi/boom@^9.1.1,@hapi/bourne@1.3.2,@hapi/hoek@8.2.5,@hapi/hoek@8.5.1,@hapi/hoek@9.2.1,@hapi/joi@15.1.1,@hapi/topo@3.1.4,@hapi/topo@3.1.6,@hapi/topo@5.1.0,hawk@3.1.3,hawk@6.0.2,highlight.js@10.7.3,highlight.js@9.15.6,highlight.js@9.15.9,highlight.js@9.18.3,hoek@2.16.3,hoek@4.2.0,hoek@4.2.1,hoek@5.0.3,hoek@5.0.4,hoek@6.1.2,hoek@6.1.3,hoist-non-react-statics@2.5.5,hoist-non-react-statics@3.1.0,hoist-non-react-statics@3.2.1,hoist-non-react-statics@3.3.0,hoist-non-react-statics@3.3.2,html_codesniffer@2.5.1,@humanwhocodes/object-schema@1.2.1,hyphenate-style-name@1.0.4,idna@3.2,idna@3.3,ieee754@1.1.12,ieee754@1.1.13,ieee754@1.1.8,ieee754@1.2.1,immutable@3.7.4,immutable@3.7.6,intl-messageformat@10.2.1,intl-messageformat@4.4.0,intl-messageformat-parser@1.8.1,isemail@3.2.0,istanbul-api@1.3.7,istanbul-lib-coverage@1.2.1,istanbul-lib-coverage@2.0.5,istanbul-lib-coverage@3.0.0,istanbul-lib-hook@1.2.2,istanbul-lib-instrument@1.10.2,istanbul-lib-instrument@3.3.0,istanbul-lib-instrument@4.0.3,istanbul-lib-report@1.1.5,istanbul-lib-report@2.0.8,istanbul-lib-report@3.0.0,istanbul-lib-source-maps@1.2.6,istanbul-lib-source-maps@3.0.6,istanbul-lib-source-maps@4.0.0,istanbul-reports@1.5.1,istanbul-reports@2.2.7,istanbul-reports@3.0.2,itsdangerous@2.1.2,jinja2@2.11.3,jinja2@3.1.2,joi@11.4.0,joi@13.7.0,joi@17.5.0,jpeg-js@0.4.2,jpeg-js@0.4.3,jpeg-js@0.4.4,js-base64@2.4.9,js-base64@2.5.1,js-base64@2.6.4,js-base64@3.7.2,@js-joda/core@3.2.0,kld-affine@2.0.4,kld-affine@2.1.1,kld-intersections@0.4.3,libevent@2.1.12,makeerror@1.0.11,@mapbox/mapbox-gl-supported@1.5.0,@mapbox/vector-tile@1.3.1,markupsafe@2.0.1,md5@2.2.1,md5@2.3.0,ndjson@1.5.0,normalize-css-color@1.0.2,parchment@1.1.4,parser-toolkit@0.0.5,pbf@3.2.1,pg@0.21.0,pg@1.0.0,@plotly/d3-sankey@0.7.2,protobuf@3.17.3,protobuf@3.20.0,protobuf@4.21.8,protobufjs@6.10.1,protobufjs@6.11.2,protobufjs@6.11.3,protobufjs@6.8.8,protobufjs@6.9.0,protobufjs@7.1.2,@protobufjs/aspromise@1.1.2,@protobufjs/base64@1.1.2,@protobufjs/codegen@2.0.4,@protobufjs/eventemitter@1.1.0,@protobufjs/fetch@1.1.0,@protobufjs/float@1.0.2,@protobufjs/inquire@1.1.0,@protobufjs/path@1.1.2,@protobufjs/pool@1.1.0,@protobufjs/utf8@1.1.0,puma@3.12.0,puma@5.3.1,python-dotenv@0.19.2,qs@6.10.1,qs@6.11.0,qs@6.4.0,qs@6.4.1,qs@6.5.1,qs@6.5.2,qs@6.5.3,qs@6.6.0,qs@6.7.0,qs@6.9.4,quill@1.3.7,react-mentions@2.4.2,react-transition-group@1.2.1,react-transition-group@2.5.0,react-transition-group@2.6.0,react-transition-group@2.9.0,react-transition-group@4.4.2,rw@0.1.4,rw@1.3.3,@sentry/browser@5.30.0,@sentry/core@4.0.6,@sentry/core@5.27.1,@sentry/core@5.30.0,@sentry/core@6.19.7,@sentry/hub@4.0.6,@sentry/hub@5.27.1,@sentry/hub@5.30.0,@sentry/hub@6.19.7,@sentry/minimal@4.0.6,@sentry/minimal@5.27.1,@sentry/minimal@5.30.0,@sentry/minimal@6.19.7,@sentry/node@4.0.6,@sentry/node@5.27.1,@sentry/node@6.19.7,@sentry/types@4.0.6,@sentry/types@5.27.1,@sentry/types@5.30.0,@sentry/types@6.19.7,@sentry/utils@4.0.6,@sentry/utils@5.27.1,@sentry/utils@5.30.0,@sentry/utils@6.19.7,serialize-javascript@1.5.0,serialize-javascript@1.6.1,serialize-javascript@1.7.0,serialize-javascript@1.9.1,serialize-javascript@2.1.2,serialize-javascript@4.0.0,serialize-javascript@5.0.1,serialize-javascript@6.0.0,sha1@1.1.1,showdown@1.9.1,@sideway/address@4.1.3,@sideway/formula@3.0.0,@sideway/pinpoint@2.0.0,signedsource@1.0.0,@sinonjs/commons@1.8.2,@sinonjs/fake-timers@6.0.1,sister@3.0.2,sntp@2.1.0,source-map@0.5.6,source-map@0.5.7,source-map@0.6.1,source-map@0.7.3,source-map-js@1.0.1,source-map-js@1.0.2,sprintf-js@1.0.3,sprintf-js@1.1.2,sqlparse@0.4.2,stream-json@0.5.3,table@4.0.3,table@5.4.6,table@6.0.7,table@6.7.5,tmpl@1.0.4,topo@2.0.2,topo@3.0.3,to-string-loader@1.2.0,tough-cookie@2.3.3,tough-cookie@2.3.4,tough-cookie@2.4.3,tough-cookie@2.5.0,tough-cookie@3.0.1,tough-cookie@4.0.0,tough-cookie@4.1.2,warning@3.0.0,werkzeug@2.1.1,werkzeug@2.2.2,@xtuc/ieee754@1.2.0,youtube-player@5.5.2"
BSL-1.0,"boost@1.76.0,boost-for-react-native@1.63.0,Flipper-Boost-iOSX@1.76.0.1.11,polytope-closest-point@1.0.0"
CC-BY-3.0,"spdx-exceptions@2.2.0,spdx-exceptions@2.3.0"
CC-BY-4.0,"caniuse-lite@1.0.30000903,caniuse-lite@1.0.30000918,caniuse-lite@1.0.30000946,caniuse-lite@1.0.30000998,caniuse-lite@1.0.30001027,caniuse-lite@1.0.30001203,caniuse-lite@1.0.30001244,caniuse-lite@1.0.30001283,caniuse-lite@1.0.30001344,caniuse-lite@1.0.30001366,caniuse-lite@1.0.30001422,node-releases@1.0.2"